block_number,block_timestamp,txid,out_btc,fee_btc,n_input_addresses,n_traced_in_label_range,n_patoshi_minted,patoshi_fraction,n_traced_above_label_range,n_untraced_already_circulating
170,2009-01-12 03:30:25.000000 UTC,f4184fc596403b9d638783cf57adfe4c75c605f6356fbc91338530e9831e9e16,50,0,1,1,1,1.0000,0,0
181,2009-01-12 06:02:13.000000 UTC,a16f3ce4dd5deb92d98ef5cf8afeaf0775ebca408f708b2146c4fb42b41e14be,40,0,1,1,1,1.0000,0,0
182,2009-01-12 06:12:16.000000 UTC,591e91f809d716912ca1d4a9295e70c3e78bab077683f79350f101da64588073,30,0,1,1,1,1.0000,0,0
183,2009-01-12 06:34:22.000000 UTC,12b5633bad1f9c167d523ad1aa1947b2732a865bf5414eab2f9e5ae5d5c191ba,29,0,1,1,1,1.0000,0,0
187,2009-01-12 07:16:40.000000 UTC,4385fcf8b14497d0659adccfe06ae7e38e0b5dc95ff8a13d7c62035994a0cd79,1,0,1,0,0,,0,1
221,2009-01-12 14:21:00.000000 UTC,298ca2045d174f8a158961806ffc4ef96fad02d71a6b84d9fa0491813a776160,1,0,1,0,0,,0,1
248,2009-01-12 20:04:20.000000 UTC,828ef3b079f9c23829c56fe86e85b4a69d9e06e5b54ea597eef5fb3ffef509fe,28,0,1,1,1,1.0000,0,0
496,2009-01-14 20:40:55.000000 UTC,a3b0e9e7cddbbe78270fa4182a7675ff00b92872d8df7d14265a2b1e379a9d33,61,0,3,1,0,0.0000,0,2
524,2009-01-15 01:46:26.000000 UTC,d71fd2f64c0b34465b7518d240c00e83f6a5b10138a7079d1252858fe7e6b577,50,0,1,1,1,1.0000,0,0
545,2009-01-15 05:48:32.000000 UTC,35288d269cee1941eaebb2ea85e32b42cdb2b04284a56d8b14dcc3f5c65d6055,25,0,1,0,0,,0,1
546,2009-01-15 06:08:20.000000 UTC,28204cad1d7fc1d199e8ef4fa22f182de6258a3eaafe1bbe56ebdcacd3069a5f,25,0,2,0,0,,0,2
546,2009-01-15 06:08:20.000000 UTC,3c1d7e82342158e4109df2e0b6348b6e84e403d8b4046d7007663ace63cddb23,25,0,1,0,0,,0,1
546,2009-01-15 06:08:20.000000 UTC,6b0f8a73a56c04b519f1883e8aafda643ba61a30bd1439969df21bea5f4e27e2,25,0,2,0,0,,0,2
586,2009-01-15 14:25:20.000000 UTC,4d6edbeb62735d45ff1565385a8b0045f066055c9425e21540ea7a8060f08bf2,250,0,5,5,0,0.0000,0,0
586,2009-01-15 14:25:20.000000 UTC,6bf363548b08aa8761e278be802a2d84b8e40daefe8150f9af7dd7b65a0de49f,50,0,1,1,0,0.0000,0,0
593,2009-01-15 15:51:56.000000 UTC,e36f06a8dfe44c3d64be2d3fe56c77f91f6a39da4a5ffc086ecb5db9664e8583,50,0,1,1,0,0.0000,0,0
707,2009-01-16 13:51:46.000000 UTC,5439c37c4c6dad4ad93b1d5598d57f1aace9d0f68b892236da903b3f136451a1,100,0,2,2,0,0.0000,0,0
728,2009-01-16 19:18:35.000000 UTC,6f7cf9580f1c2dfb3c4d5d043cdbb128c640e3f20161245aa7372e9666168516,100,0,2,2,1,0.5000,0,0
943,2009-01-18 20:02:59.000000 UTC,3e4cc1f71c998d080528ae305dffcc01419851e0d7b5191edfada9528625bff6,150,0,3,3,0,0.0000,0,0
1055,2009-01-19 19:00:42.000000 UTC,8897ea9ceaf18a546cdc513b9179bae31a462ee5bf47818eb7ba909082d11777,500,0,10,10,1,0.1000,0,0
1056,2009-01-19 19:12:52.000000 UTC,90ff15e5a80593977fb2f6666de2860584d39ebc3a41f65a0a1fdc3a851aefda,275,0,6,6,1,0.1667,0,0
1184,2009-01-20 21:53:12.000000 UTC,c445fc181b4570fa107006f31c68132df2df84160f6dc783a21e10f4497e3589,400,0,8,8,2,0.2500,0,0
1213,2009-01-21 04:06:22.000000 UTC,7f1f0cbd84a06c073c3164b463eda189fe3f98a9744e553380c23e41d6125c60,100,0,2,2,1,0.5000,0,0
1296,2009-01-22 00:05:34.000000 UTC,59bf8acbc9d60dfae841abecc3882b4181f2bdd8ac6c1d94001165ab3aef50b0,500,0,10,10,2,0.2000,0,0
1389,2009-01-23 03:49:40.000000 UTC,1eb6633edc85119d120bce6d484557571ab00b5e538de09fe2e21b58e9986528,150,0,3,3,2,0.6667,0,0
1454,2009-01-23 22:10:57.000000 UTC,8ed5a0af151cdbc8c0c546cde29334f15b4472bba105394a1221a7f088246846,300,0,6,6,2,0.3333,0,0
1586,2009-01-24 13:56:43.000000 UTC,3a5c037f79eda4d61925529dd68951b92c11642b224f0ff3230c4a79f117e8f6,500,0,10,10,3,0.3000,0,0
1767,2009-01-25 11:27:21.000000 UTC,1c6861aa429c0c8b3a5be978160a2b5671c5cbb1d8194bc8d54fa2da154f3d8c,50,0,1,1,0,0.0000,0,0
1945,2009-01-26 21:09:21.000000 UTC,5559270f3e12c0b9136cb6caf147322669394d2c9b90fd7a363f3e685e7c2407,1000,0,20,20,3,0.1500,0,0
1967,2009-01-27 01:57:29.000000 UTC,a4318436c7edba2aa3db89614f2a5f32880e3883b91593707e1d089b42ae1fb7,150,0,3,2,0,0.0000,0,1
2277,2009-01-29 21:36:30.000000 UTC,0da3014156ed70f8274a968a2000840c5740254d98835d0690c65efa5f10912e,600,0,12,12,3,0.2500,0,0
2518,2009-01-31 19:08:32.000000 UTC,2ccc3f59d28c709770a8bc478b112e10feda4bf55197c2e48deaa0eb6bca0311,1000,0,20,20,2,0.1000,0,0
2616,2009-02-01 16:25:12.000000 UTC,7d73200eac9b66ea105fe63378c69f5d68663f925297117ed178deaddb6fc3d5,100,0,2,2,2,1.0000,0,0
2754,2009-02-02 18:21:36.000000 UTC,4b96658d39f7fd4241442e6dc9877c8ee0fe0d82477e6014e1681d1efe052c8d,50,0,1,1,1,1.0000,0,0
2812,2009-02-03 04:47:39.000000 UTC,00e45be5b605fdb2106afa4cef5992ee6d4e3724de5dc8b13e729a3fc3ad4b94,50,0,1,1,0,0.0000,0,0
2812,2009-02-03 04:47:39.000000 UTC,131f68261e28a80c3300b048c4c51f3ca4745653ba7ad6b20cc9188322818f25,50,0,1,0,0,,0,1
2812,2009-02-03 04:47:39.000000 UTC,74c1a6dd6e88f73035143f8fc7420b5c395d28300a70bb35b943f7f2eddc656d,50,0,1,0,0,,0,1
2812,2009-02-03 04:47:39.000000 UTC,8f5db6d157f79f2649719d5c3ff12eb5502edf098dbfb69d6ce58363e6ff293f,49.98,0,1,0,0,,0,1
2812,2009-02-03 04:47:39.000000 UTC,a64be218809b61ac67ddc7f6c7f9fbebfe420cf75fe0318ebc727f060df48b37,49.99,0,1,0,0,,0,1
2813,2009-02-03 04:53:54.000000 UTC,0ba27c495fd6d3a678c0e8cecee6e08ad81c6e34bf11ec87d6dceb8ab6b0fe2f,49.95,0,1,0,0,,0,1
2813,2009-02-03 04:53:54.000000 UTC,2a6ede103277e9aa503d4a61058fd497fa06a362802086c64361ca10b4e3a803,49.97,0,1,0,0,,0,1
2813,2009-02-03 04:53:54.000000 UTC,2bbeef72df21dade6fefe225c729feb0747e9759952c0e4b17f2c596e2296ff1,49.96,0,1,0,0,,0,1
2813,2009-02-03 04:53:54.000000 UTC,8debdb1723672a7bc8be053b03fa52360ba730d1c4d71270da806203a1f36c38,49.94,0,1,0,0,,0,1
2813,2009-02-03 04:53:54.000000 UTC,a87e31b0e252fecc4a487e054fbcbd2545ea8a110747ef875a59b2e3780101db,34.94,0,1,0,0,,0,1
2817,2009-02-03 05:16:42.000000 UTC,5b62efcc5b069ab78504483869b71a9cddff63eb123bafeadd4da13c1c2902c2,32.92,0.01,1,0,0,,0,1
2817,2009-02-03 05:16:42.000000 UTC,65f75ac62da749585c152f0ffed3c3482687699ccba81582561590c4e16306c9,32.93,1,1,0,0,,0,1
2817,2009-02-03 05:16:42.000000 UTC,f8bf1e886d6ba6e4927acf861cf5ab3e62af2d50a6b011427f0369fa3e058eb2,33.93,1,1,0,0,,0,1
2914,2009-02-03 22:55:58.000000 UTC,d85a3b216f8d8fb27c83d340649966e0b1ae3124bcd8373ffb6284dd775c49e8,50,0,1,1,0,0.0000,0,0
2915,2009-02-03 23:04:52.000000 UTC,66ac54c1a3196e839c32c7700fbd91ee37b1ed4a53332e491bf5ddcd3901d0b1,50,0,1,0,0,,0,1
2922,2009-02-03 23:48:49.000000 UTC,5c98e15fd2f37006e411d0d8fc7a7b41149678caff0ee06e2fd3bad5621b17fb,50,0,1,1,0,0.0000,0,0
3307,2009-02-07 02:31:07.000000 UTC,277951bc92bc86ed75ae4baa2ac5e7d1f3ecd2c951819796ad7d04cda431f430,800,0,16,16,3,0.1875,0,0
3309,2009-02-07 02:54:26.000000 UTC,3015186be9276f543d8e3e639c16d7627227307aadd2c588d2aa43c98ac2a1b3,150,0,3,3,0,0.0000,0,0
3309,2009-02-07 02:54:26.000000 UTC,d4aef5bf687ad1e45389c353b55a60073247f43a01532b17c90f20afe9963f05,50,0,1,1,0,0.0000,0,0
3309,2009-02-07 02:54:26.000000 UTC,ff21c5c13081bf836295237b908fcf0c0c28acbd2149f64cc37efb0025cbea9b,198,0,4,4,0,0.0000,0,0
3510,2009-02-08 15:51:40.000000 UTC,92f55c2c0b8317eafad83c73487fbeceb8279d0eb57e398763298e6cc983b356,1000,0,1,0,0,,0,1
3645,2009-02-09 17:30:34.000000 UTC,cec658ace2eb9fe79473a0161ea726a69924fdc17d59c39d7c58f44c36d034c1,2200,0,44,44,7,0.1591,0,0
3883,2009-02-11 12:28:34.000000 UTC,6552f912925b21c02b43f7d55ea0d76cb64dbe0ae31ceac97b97ae41aa9d0878,350.04,0,10,7,2,0.2857,0,3
3936,2009-02-11 23:32:48.000000 UTC,3800f07be0bf44a9a409f9273f14e086d314519a21e7b83e81e46b6b4ec188d0,200,0,4,4,0,0.0000,0,0
4406,2009-02-15 16:53:32.000000 UTC,dc6846136494d63c92a895dd0dda5fd83e4deaaf1eff1cfc5a640935f64a7548,250,0,5,5,0,0.0000,0,0
4408,2009-02-15 17:07:30.000000 UTC,87553c376c32aaaffe46ebe6368a975809962ddc166859c5330bed5d822c467d,100,0,2,2,1,0.5000,0,0
4409,2009-02-15 17:27:21.000000 UTC,44e2654e3d0de45d6c3195d4d77a12318b13547b9cd0160b96babaf0c00a6f50,550,0,6,4,0,0.0000,0,2
4540,2009-02-16 18:57:34.000000 UTC,c1c590ef9400b8dc52335328eaf59844ab98b953ab60c57ea3612bd893208bf4,1500,0,30,30,5,0.1667,0,0
4926,2009-02-19 23:50:35.000000 UTC,b52953f7104aa6ffab9391578fc34279ce221700acb2257859657b2901987c63,800,0,16,16,5,0.3125,0,0
5217,2009-02-22 10:32:25.000000 UTC,9fa5efd12e4bdba914bf1acd03981c6e31eabaa8a8bd85fc2be36afe5a787c06,200,0,4,4,1,0.2500,0,0
5217,2009-02-22 10:32:25.000000 UTC,bea2f18440827950003bfcc130d0a82ebff013cec3848cdc8cb1c06e15672333,50,0,1,1,0,0.0000,0,0
5219,2009-02-22 10:50:53.000000 UTC,0af02f1ec03ed31d187c4184fe56b889d92b1def2310681f43ec1a0d84365273,400,0,5,3,0,0.0000,0,2
5219,2009-02-22 10:50:53.000000 UTC,0f0fbcc18fd0d090ad3402574df8404cec1176bc000f9aa0dc19f8d832ff94db,400,0,1,0,0,,0,1
5807,2009-02-27 19:49:03.000000 UTC,cce68eb6b57daed6011d10bb717be3a9616153aca1dc785d33a0e7a7c96d9b11,1800,0,36,36,6,0.1667,0,0
5917,2009-02-28 22:13:34.000000 UTC,1ecd272fc854e5a1a241431411aad6e3aa74e77942b9a7c54c5c732eaf9732a1,350,0,7,7,0,0.0000,0,0
6156,2009-03-03 04:24:25.000000 UTC,2d7d4385db1b1c5f809931ccea31c76fdcbcc82ba81d15713b30e8aa03de82b5,250,0,5,5,1,0.2000,0,0
6156,2009-03-03 04:24:25.000000 UTC,2e8fa683ff6777b929d38d119dc7c1e15b6a6e78629487775c659fa53765498f,150,0,3,3,0,0.0000,0,0
6327,2009-03-04 19:28:11.000000 UTC,93010741e990f05723f4667a3ae7adcbdb220537dc6909580b1443c34c4bf3df,1200,0,24,24,2,0.0833,0,0
6343,2009-03-04 23:29:22.000000 UTC,fac995ec5fdbb948c10aba4762c78663c38c312f43fcb91551b5770b6794bf67,50,0,1,1,0,0.0000,0,0
6456,2009-03-05 23:50:07.000000 UTC,cdbeb55fd9895a5409f6bc19608fa51cc7b2aca9d068e5908da27003c60f6970,400,0,8,8,2,0.2500,0,0
6764,2009-03-08 17:14:52.000000 UTC,accd1171781ff942b496cc67184bdfbdac6cbb4b0ebc4559f07830a89c2d7e5e,50,0,1,1,0,0.0000,0,0
6764,2009-03-08 17:14:52.000000 UTC,d7374c9a35997bd4fffb7cc089e6e2b22c5ee9f6019dc0fc881cc8b02e45b10b,300,0,6,6,1,0.1667,0,0
6766,2009-03-08 17:46:42.000000 UTC,21fdd809c34dd0162c28834f8357ec1f698b1df49744731c22f43aaec85ab64a,1200,0,19,17,3,0.1765,0,2
7178,2009-03-12 10:48:54.000000 UTC,6a697d4ea52e2cb3f9c176fd2f3014f550bc0e8b4ed8e47588819535b99a39df,150,0,3,3,1,0.3333,0,0
7309,2009-03-13 14:26:15.000000 UTC,ef135013bf0ad1768fef565249849e6c125c23a88f9705b376b55e4d9b8c4554,750,0,13,12,1,0.0833,0,1
7677,2009-03-16 16:40:15.000000 UTC,e6f00fa63eb6b8e812ac3c591871203cae971d480c1469fc5ce88932cd3ec26c,2400,0,48,48,11,0.2292,0,0
7939,2009-03-18 23:38:16.000000 UTC,6db50f2ea6aea1fd8a94c6ba345f51582585dd15150f65c999722f437c791422,550,0,11,11,3,0.2727,0,0
7939,2009-03-18 23:38:16.000000 UTC,823530fc97725a01ba9a7de47ce683b5800e94dc63be84fb35e3bd383de98436,150,0,3,3,0,0.0000,0,0
8143,2009-03-20 16:52:33.000000 UTC,b9f64cc44346ac649c21e40e5942a1d196062a285733907f9a1faad453d5556f,600,0,12,12,2,0.1667,0,0
8315,2009-03-22 16:31:22.000000 UTC,68efb6a6217892baf3a7cf03cbfd3b31038f1f79db649a12b7516c8e7da81064,300,0,6,6,3,0.5000,0,0
8315,2009-03-22 16:31:22.000000 UTC,9f705d7fae30b1fe3d5855447d4e01d7b13c1edcfa2483d739fbebbcdd0475a1,250,0,5,5,0,0.0000,0,0
8775,2009-03-26 15:21:42.000000 UTC,02158bebe1f72393a771fd39f950308ed93693d0b976f92c777677874764859a,1400,0,28,28,7,0.2500,0,0
9006,2009-03-28 16:06:49.000000 UTC,2c652b0f8b810d4b94082035e910b552a1dbb73bfa8a3c28406fa3d7a0528da7,50,0,1,1,0,0.0000,0,0
9006,2009-03-28 16:06:49.000000 UTC,54204ff07aecf7fc09e567c2333544dbb7054b31547b227e1bf74fbcdbca28da,800,0,16,16,7,0.4375,0,0
9006,2009-03-28 16:06:49.000000 UTC,d65723c12834c33063efcfbc7deb0c4791558d432fbe9c1c51f8b718060be583,150,0,3,3,0,0.0000,0,0
9354,2009-03-31 15:46:29.000000 UTC,85b6f48c8e10d8e1df4c5e3b64f6209d6bd8a3ad0af7e369c0d50a9f11c58d8d,1600,0,32,32,7,0.2188,0,0
9962,2009-04-05 20:43:36.000000 UTC,146fbdc9a5bf4800b83d1e0b7022d6e554f93143f10f09600b4e55f879d472bd,100,0,2,2,1,0.5000,0,0
9962,2009-04-05 20:43:36.000000 UTC,7eca6143f94eb7beac2a23506bc3ff0adaa0c9c9aeec71d7022e9b31f661c984,750,0,15,15,3,0.2000,0,0
10570,2009-04-11 14:04:22.000000 UTC,1159caa72f2eb97637dbd3c4e600eb3d408a5db0a64b2a80cd31b29c49f1ccbf,350,0,7,7,0,0.0000,0,0
10712,2009-04-12 19:46:57.000000 UTC,00eff263871e6d44abed66d90abb10d5a211441668511dba3146e380360efe4b,300,0,6,6,0,0.0000,0,0
10725,2009-04-12 22:02:57.000000 UTC,7153d47e65e432f132110695152add3fd22c9d42940ec524102562b9caa14201,650,0,2,0,0,,0,2
10792,2009-04-13 11:24:15.000000 UTC,ad511d71762f4123df227e2e048672c4df8cc2ac056ee37f52ff33085b2a2c47,50,0,1,1,1,1.0000,0,0
11395,2009-04-18 13:08:22.000000 UTC,ed7eec75f884fbc0539178fb16b4101f6619ee875efca7cda4a2058268f88514,50,0,1,1,0,0.0000,0,0
11408,2009-04-18 15:55:19.000000 UTC,6a679898780f5d99f0ffa12573b855e0dc470956406eb8b82690b688fa19200f,32.51,0,1,0,0,,0,1
11408,2009-04-18 15:55:19.000000 UTC,ea84d39ef6f7b3b23fbf899e11a9bb18478a19413579a69f3005359da7a62c49,50,0,1,1,1,1.0000,0,0
11426,2009-04-18 19:34:27.000000 UTC,2c230fa752edc2291e7b1d77deaaaaff907ef07f1d8f4fc879c77096e763b17f,50,0,1,1,0,0.0000,0,0
11516,2009-04-19 14:06:06.000000 UTC,57121ac508ec5a322a7565e778322247f858f2126397357d96bbafb921d50064,400,0,8,8,3,0.3750,0,0
11592,2009-04-20 04:38:21.000000 UTC,3ccc30911174b65042d33b95c0a2ce4954f78e5ca8fbf3f4ba17cbbc3ecab9de,2250,0,45,45,13,0.2889,0,0
11666,2009-04-20 20:19:32.000000 UTC,eebd343e3cbb08c6932adc87eba4b2bf372e9e984023474cb4fdb9b9ffad39b1,3500,0,70,70,18,0.2571,0,0
11769,2009-04-21 16:29:09.000000 UTC,71223e409c08a302ca8c0ecbc507650d51c4df68cd11bebb127dfe8fd6c66350,50,0,1,1,0,0.0000,0,0
12304,2009-04-26 13:18:39.000000 UTC,1e96292bc0b80d67876101b11f5aa50bb1071bd7b0302019950169ac2aaa052b,100,0,2,2,0,0.0000,0,0
12304,2009-04-26 13:18:39.000000 UTC,8552243568c50230e8bf6227797f993d91afadf6431a0d7f7eced17c9acc6919,650,0,13,13,3,0.2308,0,0
12678,2009-04-29 19:52:00.000000 UTC,f54f8b5282d2d349e34d6aa8a761c811ea9e1df7515a1291248cd44d06a45ace,1000,0,20,20,3,0.1500,0,0
12983,2009-05-02 05:02:21.000000 UTC,164ee500a3a460cffddeef7f9029e7e764362af80c8358d95c1eb2f105836234,49.97,0.03,1,1,1,1.0000,0,0
13051,2009-05-02 19:01:49.000000 UTC,846fa8792c3ae9d7149c2b43b99343ab259ef2e96adf7f7bd2f8145f88091aeb,699.94,0,14,14,6,0.4286,0,0
13171,2009-05-03 21:08:46.000000 UTC,9e7bc9715975579b36d0a81383dc76fcb41c9db45c77557083da5f4f76556b16,50,0,1,1,0,0.0000,0,0
13174,2009-05-03 21:41:41.000000 UTC,4c0135d31a903852d488d908637478dedbea80167e532d23cfc188d2e5b5e3db,35,0,1,1,0,0.0000,0,0
13174,2009-05-03 21:41:41.000000 UTC,e29a9dc0b293f0d84775adf316750255f267bc94a852e27a31db1f01c7a10e8d,25,0,2,0,0,,0,2
13306,2009-05-04 23:04:44.000000 UTC,5f143015d428cc6052649779f85ca66cefd45dd8115a436b54ab794bb6d8171c,1500,0,30,30,5,0.1667,0,0
13443,2009-05-05 22:52:26.000000 UTC,8cba5371ef42cd1538460cefd4d20a76029c3b7e7d1920548968151fbf826c6f,500,0,10,10,1,0.1000,0,0
14047,2009-05-11 14:58:31.000000 UTC,72776c25f0b994d2c05c26f48f503bb730dafa57f3d8b7cda2254c70025229aa,99.9,0.1,2,2,0,0.0000,0,0
14295,2009-05-13 13:55:35.000000 UTC,e4e6d0b98991457d45953907369e976988da553dc09b48e75f9955db7efee5b1,50,0,1,1,0,0.0000,0,0
14299,2009-05-13 16:03:07.000000 UTC,29a1acda5ccbfb22033f515985a83c3af28ad93cb2854fc425ec642a9f3e9738,50,0,1,1,0,0.0000,0,0
14324,2009-05-13 21:24:01.000000 UTC,0106b20766171631810521da688e39e8191ede576e8431791b32d7cec252d309,0.01,0,1,0,0,,0,1
14324,2009-05-13 21:24:01.000000 UTC,b1b0a6d77007bbaee07fb5a86eb63aadfa2772c409ba879085d2aa43019d4e5d,49,0,1,1,0,0.0000,0,0
14325,2009-05-13 21:38:22.000000 UTC,d4fbb7ff4fb068186583b3e4f69c606f9bd46282060d9c8fb9493117cf926af8,1,0,1,0,0,,0,1
14389,2009-05-14 09:56:30.000000 UTC,337be268b97a3db981432b3771a3e1fc3575f6c98ec787b444fe4f73acbc3068,100,0,2,2,0,0.0000,0,0
14461,2009-05-14 21:59:33.000000 UTC,4d54c5bef60bc4ff8c865405d313c45449e4dd9450e3925b04677bc096148aa1,50,0,1,1,0,0.0000,0,0
14461,2009-05-14 21:59:33.000000 UTC,b4a48e2416e6e2c3bbb42a4025ad3ac9d8c2bd1f02494a3c76fd7dee9fba6f7d,49.99,0,1,1,0,0.0000,0,0
14604,2009-05-15 22:47:48.000000 UTC,c5228406aca1f6b12e8617e069f7e1e466be71babc2876d23f1de9c959c3ea93,500,0,10,10,1,0.1000,0,0
15968,2009-05-29 15:06:07.000000 UTC,06032a172f88ba823785f87341eab26ee7a2eb2de9d2f105220d6580e3affc16,3000,0,60,60,13,0.2167,0,0
16226,2009-06-01 03:01:54.000000 UTC,5f5f50aa278cd47cd610f772be7b22ac89715e1b54b05244df8a489bf67f6d4c,50,0,1,1,0,0.0000,0,0
17807,2009-06-22 18:14:42.000000 UTC,3b24c9a9540f0b0236b58ffe716a905bfb0f45aa9efe96ee4656301ea1153412,3000,0,60,60,13,0.2167,0,0
17942,2009-06-24 12:02:04.000000 UTC,af727813c113da9a62f900996651ffa24556e83c7b5dccf35fdc9cebb830782c,99.99,0,2,2,0,0.0000,0,0
17959,2009-06-24 16:26:26.000000 UTC,2952603e1767869816bb839b840b1b1d15812b5c84ff8b453b969f0b203045a7,48.99,0,1,1,0,0.0000,0,0
18059,2009-06-25 23:03:20.000000 UTC,1e17fceec98e0d489548399860c7a7f5ad7b5fed4a76a1d73485c3b6703238f5,1000,0,20,20,4,0.2000,0,0
18253,2009-06-28 06:12:01.000000 UTC,6e0557700c3a11c3be9308013bfffd5ddc9680ca8fb62c1e94e3e0282857079c,50,0,1,1,0,0.0000,0,0
18353,2009-06-29 21:21:56.000000 UTC,e2a2f15960e9a2346992f6032def94d7d42718bb5a9392aea04241d3c9f7c766,50,0,1,1,1,1.0000,0,0
18369,2009-06-30 01:03:37.000000 UTC,fbf9a1acc8e464051b336ea4359016a77a7a9c1388c2e90aa222d4ee290cb97e,95,0,3,2,1,0.5000,0,1
18502,2009-07-01 13:33:13.000000 UTC,4dad7dd01dd65eaf24c75aa833af02002e3cb5494d8b524f6ad809976ec2132e,100,0,2,2,1,0.5000,0,0
18604,2009-07-02 23:02:29.000000 UTC,7221331ae19b913b7af2c52baa96fbd8f95426b2106b85781c9298f8dd4a20af,50,0,1,1,0,0.0000,0,0
19863,2009-07-20 22:54:07.000000 UTC,123a3968cd91b42cc1ecfb3d0d11e5b09d21e923344847a1e4b2577d3bbc69a2,6049.53,0.14,121,121,26,0.2149,0,0
20343,2009-07-29 21:20:39.000000 UTC,9b9176f85a4b21b6e0d1be4a41122b659d7724abe7da8a8d7983899fc845ab21,100,0,2,2,0,0.0000,0,0
20354,2009-07-30 17:57:36.000000 UTC,8449a1e57f2b34c755ab233e68e9ae45c689dd6d457f70dcb69a2508f90f6522,50,0,1,1,0,0.0000,0,0
20770,2009-08-07 22:27:45.000000 UTC,cdfd2e9b4ba6d086f4281699bb34f4398697c2fab699a2be0a591ede351b3947,5549.4,0.13,111,111,21,0.1892,0,0
21563,2009-08-26 18:23:18.000000 UTC,18bd07424d7ef0e2902e04f7ffac4ac9676dfbb41118af4323e352e1398c05d7,498.53,0,11,11,2,0.1818,0,0
21563,2009-08-26 18:23:18.000000 UTC,3e6994691cce8ce35f3b1331896b05b600ea512c9a7bb63a8e14612d5ec897ad,1800.13,0,36,36,9,0.2500,0,0
21563,2009-08-26 18:23:18.000000 UTC,6106c76b1c0cdb6123ddf93b2782b1cd17a9bff3434688661cebc6c159d0a24d,49.4,0,1,1,0,0.0000,0,0
21777,2009-08-30 05:37:37.000000 UTC,b5b52b8989eec1f1adf045676aec9f47be4f17782de442f95b5679a4ad54c79f,50,0,1,1,0,0.0000,0,0
21897,2009-08-31 11:06:52.000000 UTC,c235d6d86a7cc4a932045295b3d2558a0582a8b8eb078978cc8e23cdca056970,300,0,6,6,2,0.3333,0,0
22107,2009-09-03 08:54:10.000000 UTC,374acc94a6ceeac1722a1a10f69c561698c0a4f8389d657425d50a17b9880691,700,0,14,14,2,0.1429,0,0
22407,2009-09-07 15:45:23.000000 UTC,896e7774cc4f7aa65fa3736c6d0d91a1bccdb4c2a3fb78007830c68439da10dc,650,0,13,13,1,0.0769,0,0
22993,2009-09-16 15:17:29.000000 UTC,eb0e2029310edade8e2a034aea4f0c4a1e243fe2dce67d05f95fddb7ac11bfbe,1,0,1,0,0,,0,1
23079,2009-09-17 16:10:30.000000 UTC,9fc9f9ac9c516925f0cac51323e626af63fcfee74e0bce9a4be612de9cc1e201,5049.88,0.12,101,101,15,0.1485,0,0
23393,2009-09-21 19:13:19.000000 UTC,831525b6cc45326dd170a26d7f8553dc70780736e30f525840dfa1175337f59d,400,0,8,8,1,0.1250,0,0
23427,2009-09-22 20:51:24.000000 UTC,717a9f02d6bafa69f0119b7f87dab7cb697d6f30979cc72ba8d99827e8ce7d6f,2000,0,40,40,10,0.2500,0,0
23625,2009-09-25 15:56:38.000000 UTC,315f41f6ca3bf76938bc7a1f28ae1c77ecc8a64d0a0d37476ed7f9e706947765,1000,0,20,20,2,0.1000,0,0
23633,2009-09-25 18:03:43.000000 UTC,a2ccf09e7031426666ad295a3e7b7477393ddacbb66134157c8f1860de6d4ef7,300,0,6,6,0,0.0000,0,0
23757,2009-09-27 01:07:28.000000 UTC,11e5b0bbf5a4f567525721f45d89bd30a2888c829b333a4a50710148777200d3,800,0,16,16,3,0.1875,0,0
23937,2009-09-29 04:30:05.000000 UTC,311518ff986d423a6ea1d1f33fb5bcbbf52a45da078b4d359588bea7e0e8dc9c,650,0,13,13,1,0.0769,0,0
23980,2009-09-29 15:48:05.000000 UTC,d705df2ba5f32dff9ff275eb57865690656656cf67ef5b85a236df2cea353840,1500,0,30,30,3,0.1000,0,0
24215,2009-10-02 10:03:37.000000 UTC,8a1c5f21902e300850904dee0772fa7222216697c448edfc13a388a6a73472de,500,0,10,10,0,0.0000,0,0
24434,2009-10-06 08:40:58.000000 UTC,c650a26f418e25ad7b12da3545483c8a6291e53667de6733e6ecb38f2d3e902b,200,0,4,3,1,0.3333,1,0
24434,2009-10-06 08:40:58.000000 UTC,c842f40c439d1b274378a8c19115620404578b4d318237b8506493dcde56db7d,700,0,11,6,1,0.1667,4,1
24835,2009-10-12 04:21:18.000000 UTC,7dff938918f07619abd38e4510890396b1cef4fbeca154fb7aafba8843295ea2,5050,0,73,69,11,0.1594,3,1
25095,2009-10-16 05:31:17.000000 UTC,4aa98b18bb6766463b4a84c3da86decc066e7744670fe7009a78017a0027a344,9700,0,80,3,2,0.6667,76,1
25206,2009-10-18 05:06:10.000000 UTC,668dbd88e9171be4b4c3ef54d16d48e8dba07bb70a821552d5606e7183aa3877,350,0,7,0,0,,7,0
25468,2009-10-20 22:30:46.000000 UTC,837453f2c50bf10e28c115b844344720cd76766fd14d44586b40a5d8e6cb33d8,5049.76,0.12,101,17,5,0.2941,84,0
25552,2009-10-21 22:47:23.000000 UTC,b76d8d9fe2082040018456b13825cd835cc703f870528b45cf0d36dc6a268961,899.76,0,18,2,0,0.0000,16,0
25618,2009-10-22 15:40:54.000000 UTC,1aae9d58e8826aa65ce985061a78642ec2d920e8a8bb1679aae35f7d496d25b4,11950,0,39,0,0,,38,1
25788,2009-10-24 20:23:33.000000 UTC,5d79327054118bfc51475b82319d11e041e23b581d36a4ff47302b95380a735e,12250,0,7,0,0,,6,1
25969,2009-10-27 11:44:30.000000 UTC,3cd9410fc4642ce3e4591f5f5600965bf5b104c81160d204afb2d9169c5b4ce8,13000,0,16,0,0,,15,1
26079,2009-10-29 02:41:32.000000 UTC,03ebe95eb46ad1768f322516153779eb1fbae4b23fb2a88ee59a7b472e11cb33,500,0,10,0,0,,10,0
26112,2009-10-29 22:19:15.000000 UTC,28c0959d3b71fda237462e0bacd9c77e079d9557d8ed4d2b7e92c435dd42730d,1550,0,31,0,0,,31,0
26402,2009-11-04 22:02:42.000000 UTC,6029e51c4706c8b12bfdc9bab2311cc99d7fd5ccca3701bff4af2935c4a89215,15500,0,41,0,0,,40,1
26814,2009-11-11 01:26:23.000000 UTC,1043eb5c8b85764358f21127ed51de772db594222d650be07b45f3a9c68bdc78,15500,0,1,0,0,,0,1
26814,2009-11-11 01:26:23.000000 UTC,9a12dc4ca6c7868e7320e6b916dc52046d148775c939481805bf3e063ac71f72,1000,0,20,0,0,,20,0
26815,2009-11-11 01:28:38.000000 UTC,6b85ad8bd569e29a4587a8f15ce22ef3e0372da2d1f9b160dabdaa50e9981c25,1000,0,20,0,0,,20,0
26816,2009-11-11 01:42:08.000000 UTC,0b8f2d77c16afaa08435d71cd31467e62011cc39fe1d1318959bc74f1ad5b064,11500,0,1,0,0,,0,1
26816,2009-11-11 01:42:08.000000 UTC,a40d0843b9868a26792e952851a082442eace99f2c384f0ed6ca991612fd2f60,12500,0,1,0,0,,0,1
26816,2009-11-11 01:42:08.000000 UTC,b34d15d7b7e6c2a4333fe13f354de1d715b7d8d00ec86b4cf0f8d24bfa71a2e1,13500,0,1,0,0,,0,1
26816,2009-11-11 01:42:08.000000 UTC,c6dbae4c8ca97a746030b390441cdfc750218a20b07d29b56f07b157cdc0bbd3,14500,0,1,0,0,,0,1
26817,2009-11-11 02:03:14.000000 UTC,214f42239036b95ba5dd94f9969b4b4eb8485de51a458fe76cabe95b510b4468,10500,0,1,0,0,,0,1
26817,2009-11-11 02:03:14.000000 UTC,e67c7cef9c59167046bee99a961a4ca75137c5ed4b697b30dc6e752ff1d50ecc,10000,0,11,0,0,,10,1
26941,2009-11-13 00:49:39.000000 UTC,01d4ca1bc310d225db9da4ebddaf31713ec8b1fb6a287eec56416911275ef68a,50,0,1,0,0,,1,0
26943,2009-11-13 01:10:06.000000 UTC,6d3bd5104e1b23217ecaae4e5b1168ee1933b24250d23d741b42910d534af546,50,0,2,0,0,,1,1
26946,2009-11-13 03:07:35.000000 UTC,da68e3c8be72c67502cb7245119fcddc540f9dadeb16bc1021fb57a329eab8bb,500,0,10,0,0,,10,0
27525,2009-11-19 20:38:17.000000 UTC,f2e5fdd316163507300b815797b6a4c0247a3053ae760a091c20779ba9999a65,21850,0,68,0,0,,67,1
27528,2009-11-19 21:29:21.000000 UTC,67fc73c770d5001be14f65c95f2f37e04e26c3f8c6a49519d2e63c594ea26756,22500,0,14,0,0,,13,1
28507,2009-12-01 21:45:59.000000 UTC,442a16294926b83e8ac67727a69ef970f426c2100fb5cc6b596aa239c2a61077,10049.78,0.22,165,127,26,0.2047,37,1
28775,2009-12-05 18:16:34.000000 UTC,011ec07a1045414826985452669b45735ce9c4c991ff2fd18edfae54ff993d22,900,0,18,0,0,,18,0
28811,2009-12-06 03:28:30.000000 UTC,a131c7a34180592c257414d902a35fd468b557e984617358343373c5599ce244,50,0,1,0,0,,1,0
28817,2009-12-06 06:01:57.000000 UTC,591eba1f8e27727e14a9aa3695e6e005990069df06c827fd72ff05aa61723108,90,0,2,0,0,,1,1
29016,2009-12-08 01:52:13.000000 UTC,1b95c5519f32f4e4d6c6e60af6660c2b17a92e0c54fa0c8b71932c283cdb2e91,1000,0,20,0,0,,20,0
29073,2009-12-08 14:11:35.000000 UTC,1b1dbad5485b04f40b8151bad90139d4f86a07fdbd5523b35a979094b0b8f017,500,0,10,0,0,,10,0
29126,2009-12-09 02:32:16.000000 UTC,4c5e40e37810adb4ec7f01d038b508d6611afdbf21f8cf8ef589a0fe5f0b3e91,50,0,1,0,0,,1,0
29129,2009-12-09 03:33:30.000000 UTC,10ee48008377e49aaaad29b6f5191bc27a9902580e05d7f459cb3c6a712fe785,49,0,1,0,0,,1,0
29129,2009-12-09 03:33:30.000000 UTC,70f38f3ac235f65698e8c8c2589b9f0156d7700d12417dc916e6f2bf4ba12a7e,1900,0,7,0,0,,6,1
29131,2009-12-09 04:12:00.000000 UTC,dc6900d101f333abfc7e268fc5e3b066a47cd30b68a2db63adcaae16ae75cccb,48,0,1,0,0,,1,0
29136,2009-12-09 05:48:33.000000 UTC,46d80f9f88e57bdbc22ce772989a99ab9ef2d77ec8cd6024291c1f3dd66542ce,1,0,1,0,0,,0,1
29168,2009-12-09 13:27:44.000000 UTC,52110eb34fb9ba3a59da77eca549a76ef546f4e9a09f8cfbe4dc06a553103d22,47,0,1,0,0,,1,0
29169,2009-12-09 13:36:10.000000 UTC,bcdac13fb8d753c140084789623741a39332a727312742d341cd7093b5d68053,1,0,1,0,0,,0,1
29169,2009-12-09 13:36:10.000000 UTC,e9cd4e54298b6b4e819e54763a99a7834d1e6d4ab6f556137d2b32e4e5eaa3ef,187,0,4,0,0,,4,0
29170,2009-12-09 13:42:52.000000 UTC,73af85f4e35ef55387f5952e24b2825044ba3fb64046f997179f9f8d9cfd4878,1,0,1,0,0,,0,1
29170,2009-12-09 13:42:52.000000 UTC,ba8199d3cfef3e591ee38cdb8a1961b8571c4a8305f8179de873e1ef7a80ae39,1,0,1,0,0,,0,1
29188,2009-12-09 18:58:58.000000 UTC,f55976467adc0f60def8f429eb5dda7c5f4c3d73e1d5d75dca302d434e840551,10,0,1,0,0,,0,1
29208,2009-12-09 23:00:25.000000 UTC,41b3713ad25f4111f3a60f59a16f4c16fa3caaa12333b6e911ccec66e8b970b1,50,0,1,0,0,,1,0
29209,2009-12-09 23:11:23.000000 UTC,9a553aaf24a06a0922ffbbc8d1fe11f2db11ae6ee430c5bb8d1802157facdf1e,10,0,1,0,0,,0,1
29430,2009-12-12 00:11:10.000000 UTC,7bfa5a4a5d0ba60497f4c61b9ab3b289017cf5f9f9eb68c558614388f0383be6,3000,0,60,0,0,,60,0
29431,2009-12-12 00:15:15.000000 UTC,ff4e84bca11c213cbc26104b075945d2744a34ea0d335e8c50a357bb3e63f37b,2200,0,7,0,0,,6,1
29664,2009-12-14 03:28:09.000000 UTC,3a5769fb2126d870aded5fcaced3bc49fa9768436101895931adb5246e41e957,15954.35,0,320,0,0,,319,1
29668,2009-12-14 04:07:41.000000 UTC,ec7ec389613dd485cf8786021afd547536f18c4aa131c50954d4df2353bb6f97,15954.35,0,1,0,0,,0,1
29703,2009-12-14 13:35:22.000000 UTC,afd13735576f1f5a93e1e1231685bbda40ad7f8f8aa233344cf5e405231be758,50,0,1,0,0,,1,0
29704,2009-12-14 13:53:09.000000 UTC,6b1b98a3c9323ea3ce49e2bfe8ec158ed094908ecb5cfeb7575683ecdcb84849,399,0,8,0,0,,8,0
29713,2009-12-14 16:08:04.000000 UTC,2ce7e90dacc612b8025b8affd30d2ef3af05de2eb5e10b0bdb44a42359c8efc9,188,0,2,0,0,,0,2
29775,2009-12-15 03:42:13.000000 UTC,66416b1cf7130aaff13e8a60bf0d0f7e66375bf7978ae032790102bf227ef7b9,5450,0,6,0,0,,5,1
29854,2009-12-15 21:27:36.000000 UTC,4ce766e5207a85563906e1e4993bd864fbb9829fd03aca034b204fdf5a8330a0,9,0,1,0,0,,0,1
29869,2009-12-16 01:10:08.000000 UTC,6cb614b795fb24de282dba7ce1fd99a6b7f9430dfa073322ab80484e4beaaf63,850,0,17,0,0,,17,0
30066,2009-12-17 10:58:13.000000 UTC,dd9d5ba0bd1da328936a5341efc0baddf18341bfd38f296e3484e4db0777d057,50,0,1,0,0,,1,0
30104,2009-12-17 15:50:10.000000 UTC,8ee3d560b0a606350ed009d728ae96f8d63df77e77c00ab3bb19d0373fde1ebd,200,0,6,2,1,0.5000,0,4
30153,2009-12-17 22:12:02.000000 UTC,016eb2a1fb23e79e81d7debe15ee7f5e639492cf0e978ff135d745657991c190,49.5,0,1,0,0,,1,0
30423,2009-12-19 04:08:37.000000 UTC,d484de0cc076ea2ed20b3f2274ff0e41ac017137b4163685c7892a140dd5f9f2,50,0,1,0,0,,1,0
30768,2009-12-21 00:07:48.000000 UTC,5f48126704eaad62f39c1f0191818b61a74e7c971bce080a3d760898014d4e55,50,0,1,0,0,,1,0
31465,2009-12-25 06:51:47.000000 UTC,ee7871de12728150cd2a213c897c3b9c00e183062e28677204cc1fcf1c86aa69,50,0,1,0,0,,1,0
31753,2009-12-27 02:41:34.000000 UTC,9843d685c90a2053dc80600ffd03f076da831502eec65cb3a152d7ee57a6120d,250,0,5,0,0,,5,0
